{
  "swagger": "2.0",
  "info": {
    "description": "Partner Aws API Gateway",
    "version": "1.0.0",
    "title": "apigateway-partnerawsapigateway-072e1c6"
  },
  "x-roles": [
    {
      "name": "private-role",
      "id": "2",
      "tags": [
        "Accounts"
      ],
      "description": "private role"
    }
  ],
  "host": "api.mindbodyonline.com",
  "schemes": [ "https" ],
  "paths": {
    "/partneradapter/health/information": {
      "get": {
        "parameters": [
          {
            "name": "Authorization",
            "in": "header",
            "required": true,
            "type": "string"
          }
        ],
        "responses": {
          "200": {
            "description": "200 response",
            "headers": {
              "test-method-response-header": {
                "type": "string"
              }
            }
          },
          "400": {
            "description": "400 response",
            "headers": {
              "test-method-response-header": {
                "type": "string"
              }
            }
          },
          "401": {
            "description": "401 response"
          }
        },
        "security": [
          {
            "lambda-authorizer": []
          }
        ]
      }
    },
    "/partnergateway/accounts/v1/users/me": {
      "get": {
        "consumes": [ "application/json" ],
        "parameters": [
          {
            "name": "Authorization",
            "in": "header",
            "required": true,
            "type": "string"
          },
          {
            "name": "API-Key",
            "in": "header",
            "required": true,
            "type": "string"
          }
        ],
        "responses": {
          "200": {
            "description": "200 response",
            "headers": {
              "applicationId": {
                "type": "string"
              }
            }
          },
          "400": {
            "description": "400 response"
          },
          "401": {
            "description": "401 response"
          }
        },
        "security": [
          {
            "lambda-authorizer": []
          }
        ]
      }
    },
    "/partnergateway/accounts/v1/users/{userId}/businessprofiles": {
      "get": {
        "consumes": [ "application/json" ],
        "parameters": [
          {
            "name": "userId",
            "in": "path",
            "required": true,
            "type": "string"
          },
          {
            "name": "API-Key",
            "in": "header",
            "required": true,
            "type": "string"
          },
          {
            "name": "businessId",
            "in": "header",
            "required": false,
            "type": "string"
          },
          {
            "name": "Authorization",
            "in": "header",
            "required": true,
            "type": "string"
          }
        ],
        "responses": {
          "200": {
            "description": "200 response",
            "headers": {
              "test-method-response-header": {
                "type": "string"
              }
            }
          },
          "400": {
            "description": "400 response",
            "headers": {
              "test-method-response-header": {
                "type": "string"
              }
            }
          },
          "401": {
            "description": "401 response"
          }
        },
        "security": [
          {
            "lambda-authorizer": []
          }
        ]
      }
    },
    "/partnergateway/accounts/v1/users/{userId}/relationships": {
      "get": {
        "consumes": [ "application/json" ],
        "parameters": [
          {
            "name": "userId",
            "in": "path",
            "required": true,
            "type": "string"
          },
          {
            "name": "Authorization",
            "in": "header",
            "required": true,
            "type": "string"
          },
          {
            "name": "API-Key",
            "in": "header",
            "required": true,
            "type": "string"
          }
        ],
        "responses": {
          "200": {
            "description": "200 response",
            "headers": {
              "test-method-response-header": {
                "type": "string"
              }
            }
          },
          "400": {
            "description": "400 response",
            "headers": {
              "test-method-response-header": {
                "type": "string"
              }
            }
          },
          "401": {
            "description": "401 response"
          }
        },
        "security": [
          {
            "lambda-authorizer": []
          }
        ]
      }
    },
    "/partnergateway/consumer/activity/v1/businesses": {
      "get": {
        "produces": [ "application/json" ],
        "parameters": [
          {
            "name": "PageSize",
            "in": "query",
            "required": false,
            "type": "string"
          },
          {
            "name": "BusinessIds",
            "in": "query",
            "required": false,
            "type": "string"
          },
          {
            "name": "PageNumber",
            "in": "query",
            "required": false,
            "type": "string"
          },
          {
            "name": "API-Key",
            "in": "header",
            "required": true,
            "type": "string"
          }
        ],
        "responses": {
          "200": {
            "description": "200 response"
          },
          "400": {
            "description": "400 response",
            "schema": {
              "$ref": "#/definitions/MODELfbe10d"
            }
          },
          "401": {
            "description": "401 response",
            "schema": {
              "$ref": "#/definitions/MODEL0f8f2c"
            }
          },
          "405": {
            "description": "405 response",
            "schema": {
              "$ref": "#/definitions/MODELff63c8"
            }
          }
        },
        "security": [
          {
            "lambda-authorizer": []
          }
        ]
      }
    },
    "/partnergateway/consumer/activity/v1/consumer": {
      "delete": {
        "consumes": [ "application/json" ],
        "produces": [ "application/json" ],
        "parameters": [
          {
            "name": "Authorization",
            "in": "header",
            "required": true,
            "type": "string"
          },
          {
            "name": "API-Key",
            "in": "header",
            "required": true,
            "type": "string"
          }
        ],
        "responses": {
          "400": {
            "description": "400 response",
            "schema": {
              "$ref": "#/definitions/MODELe096d4"
            }
          },
          "401": {
            "description": "401 response",
            "schema": {
              "$ref": "#/definitions/MODEL968824"
            }
          },
          "204": {
            "description": "204 response"
          },
          "405": {
            "description": "405 response",
            "schema": {
              "$ref": "#/definitions/MODEL4e074d"
            }
          }
        },
        "security": [
          {
            "lambda-authorizer": []
          }
        ]
      }
    },
    "/partnergateway/consumer/activity/v1/purchases": {
      "get": {
        "consumes": [ "application/json" ],
        "produces": [ "application/json" ],
        "parameters": [
          {
            "name": "productType",
            "in": "query",
            "required": false,
            "type": "string"
          },
          {
            "name": "API-Key",
            "in": "header",
            "required": true,
            "type": "string"
          },
          {
            "name": "startDate",
            "in": "query",
            "required": false,
            "type": "string"
          },
          {
            "name": "isTestData",
            "in": "query",
            "required": false,
            "type": "string"
          },
          {
            "name": "Authorization",
            "in": "header",
            "required": true,
            "type": "string"
          },
          {
            "name": "endDate",
            "in": "query",
            "required": false,
            "type": "string"
          }
        ],
        "responses": {
          "200": {
            "description": "200 response",
            "schema": {
              "$ref": "#/definitions/MODELe91534"
            },
            "headers": {
              "applicationId": {
                "type": "string"
              }
            }
          },
          "400": {
            "description": "400 response",
            "schema": {
              "$ref": "#/definitions/MODELf9360e"
            }
          },
          "401": {
            "description": "401 response"
          }
        },
        "security": [
          {
            "lambda-authorizer": []
          }
        ]
      }
    },
    "/partnergateway/consumer/activity/v1/simulate/purchase": {
      "post": {
        "consumes": [ "application/json" ],
        "produces": [ "application/json" ],
        "parameters": [
          {
            "name": "Authorization",
            "in": "header",
            "required": true,
            "type": "string"
          },
          {
            "name": "API-Key",
            "in": "header",
            "required": true,
            "type": "string"
          }
        ],
        "responses": {
          "201": {
            "description": "201 response",
            "headers": {
              "applicationId": {
                "type": "string"
              }
            }
          },
          "400": {
            "description": "400 response",
            "schema": {
              "$ref": "#/definitions/MODEL5c0a6e"
            }
          },
          "401": {
            "description": "401 response",
            "schema": {
              "$ref": "#/definitions/MODEL676ad9"
            }
          },
          "405": {
            "description": "405 response",
            "schema": {
              "$ref": "#/definitions/MODELb763b1"
            }
          }
        },
        "security": [
          {
            "lambda-authorizer": []
          }
        ]
      }
    },
    "/partnergateway/consumer/activity/v1/simulate/visit": {
      "post": {
        "consumes": [ "application/json" ],
        "produces": [ "application/json" ],
        "parameters": [
          {
            "name": "Authorization",
            "in": "header",
            "required": true,
            "type": "string"
          },
          {
            "name": "API-Key",
            "in": "header",
            "required": true,
            "type": "string"
          }
        ],
        "responses": {
          "201": {
            "description": "201 response",
            "headers": {
              "applicationId": {
                "type": "string"
              }
            }
          },
          "400": {
            "description": "400 response",
            "schema": {
              "$ref": "#/definitions/MODEL4e7d5c"
            }
          },
          "401": {
            "description": "401 response",
            "schema": {
              "$ref": "#/definitions/MODELf0a4b9"
            }
          },
          "405": {
            "description": "405 response",
            "schema": {
              "$ref": "#/definitions/MODELe2091d"
            }
          }
        },
        "security": [
          {
            "lambda-authorizer": []
          }
        ]
      }
    },
    "/partnergateway/consumer/activity/v1/visits": {
      "get": {
        "consumes": [ "application/json" ],
        "produces": [ "application/json" ],
        "parameters": [
          {
            "name": "API-Key",
            "in": "header",
            "required": true,
            "type": "string"
          },
          {
            "name": "startDate",
            "in": "query",
            "required": false,
            "type": "string"
          },
          {
            "name": "isTestData",
            "in": "query",
            "required": false,
            "type": "string"
          },
          {
            "name": "Authorization",
            "in": "header",
            "required": true,
            "type": "string"
          },
          {
            "name": "endDate",
            "in": "query",
            "required": false,
            "type": "string"
          }
        ],
        "responses": {
          "200": {
            "description": "200 response",
            "schema": {
              "$ref": "#/definitions/MODEL5a5f5f"
            },
            "headers": {
              "applicationId": {
                "type": "string"
              }
            }
          },
          "400": {
            "description": "400 response",
            "schema": {
              "$ref": "#/definitions/MODEL9c2238"
            }
          },
          "401": {
            "description": "401 response"
          }
        },
        "security": [
          {
            "lambda-authorizer": []
          }
        ]
      }
    },
    "/partnergateway/contacts/v1/profiles": {
      "post": {
        "consumes": [ "application/json" ],
        "produces": [ "application/json" ],
        "parameters": [
          {
            "name": "Authorization",
            "in": "header",
            "required": true,
            "type": "string"
          },
          {
            "name": "BusinessId",
            "in": "header",
            "required": true,
            "type": "string"
          },
          {
            "name": "API-Key",
            "in": "header",
            "required": true,
            "type": "string"
          }
        ],
        "responses": {
          "201": {
            "description": "201 response",
            "headers": {
              "applicationId": {
                "type": "string"
              }
            }
          },
          "400": {
            "description": "400 response",
            "schema": {
              "$ref": "#/definitions/MODEL46ca23"
            }
          },
          "401": {
            "description": "401 response",
            "schema": {
              "$ref": "#/definitions/MODEL825122"
            }
          },
          "405": {
            "description": "405 response",
            "schema": {
              "$ref": "#/definitions/MODELdad38e"
            }
          }
        },
        "security": [
          {
            "lambda-authorizer": []
          }
        ]
      }
    },
    "/partnergateway/health/information": {
      "get": {
        "consumes": [ "application/json" ],
        "parameters": [
          {
            "name": "Authorization",
            "in": "header",
            "required": true,
            "type": "string"
          },
          {
            "name": "API-Key",
            "in": "header",
            "required": true,
            "type": "string"
          }
        ],
        "responses": {
          "200": {
            "description": "200 response"
          },
          "400": {
            "description": "400 response"
          },
          "401": {
            "description": "401 response"
          }
        },
        "security": [
          {
            "lambda-authorizer": []
          }
        ]
      }
    },
    "/partnergateway/validation": {
      "get": {
        "parameters": [
          {
            "name": "Authorization",
            "in": "header",
            "required": true,
            "type": "string"
          },
          {
            "name": "BusinessId",
            "in": "header",
            "required": true,
            "type": "string"
          },
          {
            "name": "API-Key",
            "in": "header",
            "required": true,
            "type": "string"
          }
        ],
        "responses": {
          "200": {
            "description": "200 response"
          },
          "400": {
            "description": "400 response"
          },
          "500": {
            "description": "500 response"
          },
          "401": {
            "description": "401 response"
          },
          "403": {
            "description": "403 response"
          }
        },
        "security": [
          {
            "lambda-authorizer": []
          }
        ]
      }
    },
    "/{proxy+}": {
      "x-amazon-apigateway-any-method": {
        "consumes": [ "application/json" ],
        "parameters": [
          {
            "name": "proxy",
            "in": "path",
            "required": true,
            "type": "string"
          }
        ],
        "responses": {
          "404": {
            "description": "404 response"
          }
        }
      }
    }
  },
  "securityDefinitions": {
    "lambda-authorizer": {
      "type": "apiKey",
      "name": "API-Key",
      "in": "header",
      "x-amazon-apigateway-authtype": "custom"
    }
  },
  "definitions": {
    "MODELf9360e": {
      "type": "object"
    },
    "MODEL9c2238": {
      "type": "object"
    },
    "MODEL4e7d5c": {
      "type": "object"
    },
    "MODEL46ca23": {
      "type": "object"
    },
    "MODELe096d4": {
      "type": "object"
    },
    "MODELfbe10d": {
      "type": "object"
    },
    "MODEL825122": {
      "type": "object"
    },
    "MODEL968824": {
      "type": "object"
    },
    "MODELff63c8": {
      "type": "object"
    },
    "MODELb763b1": {
      "type": "object"
    },
    "MODELe2091d": {
      "type": "object"
    },
    "MODEL5c0a6e": {
      "type": "object"
    },
    "MODEL0f8f2c": {
      "type": "object"
    },
    "MODELf0a4b9": {
      "type": "object"
    },
    "MODELdad38e": {
      "type": "object"
    },
    "MODEL676ad9": {
      "type": "object"
    },
    "MODEL5a5f5f": {
      "type": "object"
    },
    "MODEL4e074d": {
      "type": "object"
    },
    "MODELe91534": {
      "type": "object"
    }
  },
  "x-amazon-apigateway-policy": {
    "Version": "2012-10-17",
    "Statement": [
      {
        "Effect": "Allow",
        "Principal": "*",
        "Action": "execute-api:Invoke",
        "Resource": "*"
      },
      {
        "Effect": "Deny",
        "Principal": "*",
        "Action": "execute-api:Invoke",
        "Resource": "*",
        "Condition": {
          "NotIpAddress": {
            "aws:SourceIp": [ "44.230.117.7/32", "54.68.163.55/32", "44.230.224.157/32", "44.228.30.70/32", "52.10.113.3/32", "44.231.221.27/32", "44.229.44.249/32", "44.229.44.249/32", "173.245.48.0/20", "103.21.244.0/22", "103.22.200.0/22", "103.31.4.0/22", "141.101.64.0/18", "108.162.192.0/18", "190.93.240.0/20", "188.114.96.0/20", "197.234.240.0/22", "198.41.128.0/17", "162.158.0.0/15", "104.16.0.0/13", "104.24.0.0/14", "172.64.0.0/13", "131.0.72.0/22", "10.0.0.0/8" ]
          }
        }
      }
    ]
  }
}