{
  "$schema": "https://titan.apimatic.io/api/build/schema",
  "buildFileVersion": "1",
  "generatePortal": {
    "navTitle": "Mindbody Developer Portal Documentation",
    "languageConfig": {
      "http": {},
      "csharp": {},
      "ruby": {},
      "php": {},
      "python": {}
    },
    "filterByRole": [ "publicAPIs" ],
    "portalSettings": {
      "themeOverrides": {
        "fontSource": [
          "/AvertaFont/Averta.css"
        ],
        "cssStyles": {
          "headings": {
            "fontFamily": "Averta",
            "h1": {
              "fontFamily": "Averta",
              "fontSize": "27px",
              "fontWeight": "500",
              "fontStyle": "normal",
              "lineHeight": "1.3"
            },
            "h2": {
              "fontFamily": "Averta",
              "fontSize": "27px",
              "fontWeight": "500",
              "fontStyle": "normal",
              "lineHeight": "1.3"
            },
            "h3": {
              "fontFamily": "Averta",
              "fontSize": "27px",
              "fontWeight": "500",
              "fontStyle": "normal",
              "lineHeight": "1.3"
            },
            "h4": {
              "fontFamily": "Averta",
              "fontSize": "27px",
              "fontWeight": "500",
              "fontStyle": "normal",
              "lineHeight": "1.3"
            },
            "h5": {
              "fontFamily": "Averta",
              "fontSize": "27px",
              "fontWeight": "500",
              "fontStyle": "normal",
              "lineHeight": "1.3"
            },
            "h6": {
              "fontFamily": "Averta",
              "fontSize": "27px",
              "fontWeight": "500",
              "fontStyle": "normal",
              "lineHeight": "1.3"
            }
          },
          "body": {
            "fontFamily": "Averta",
            "text1": {
              "fontFamily": "Averta",
              "fontSize": "15px",
              "fontWeight": "400",
              "fontStyle": "normal",
              "lineHeight": "1.75"
            },
            "text2": {
              "fontFamily": "Averta",
              "fontSize": "13.33px",
              "fontWeight": "400",
              "fontStyle": "normal",
              "lineHeight": "1.75"
            },
            "text3": {
              "fontFamily": "Averta",
              "fontSize": "11.85px",
              "fontWeight": "400",
              "fontStyle": "normal",
              "lineHeight": "1.75"
            }
          }
        },
        "palette": {
          "primaryColor": "#29545E",
          "linkColor": "#29545E",
          "colors": {
            "C000": "#FFFFFF",
            "C100": "#F9FAFE",
            "C200": "#F5F7F8",
            "C300": "#E7E9F2",
            "C400": "#CED2E2",
            "C500": "#B0B5C9",
            "C600": "#858BA5",
            "C700": "#606E8A",
            "C800": "#2d2d2d",
            "C900": "#29545E",
            "C1000": "#1D2236"
          }
        }
      }
    }
  }
}